"word","count"
"する","731473"
"いる","299119"
"こと","146881"
"なる","141591"
"ある","140456"
"いう","111423"
"人","82184"
"年","78619"
"ない","76402"
"さん","71855"
"日","63486"
"よう","57790"
"その","53233"
"できる","52739"
"この","49155"
"思う","47030"
"月","46747"
"日本","36448"
"よる","35983"
"くる","35644"
"写真","34540"
"円","33574"
"もの","32936"
"ため","32897"
"コロナ","32798"
"お","32777"
"中","30949"
"これ","30882"
"第","30755"
"それ","29743"
"見る","28242"
"月日","28146"
"そう","27986"
"つく","27636"
"いく","27564"
"万","24850"
"たち","24778"
"また","23989"
"自分","23781"
"時","23329"
"位","22004"
"さ","21405"
"氏","21255"
"新型","21170"
"回","20666"
"目","20558"
"発表","20320"
"前","20313"
"言う","20153"
"試合","20103"
"行う","19391"
"選手","19194"
"時間","19047"
"しまう","18858"
"感染","18857"
"一","18625"
"いい","18557"
"後","18523"
"今","18334"
"ら","18313"
"東京","18209"
"今回","17780"
"多い","17346"
"歳","17276"
"やる","17116"
"方","17000"
"世界","16173"
"監督","16041"
"私","16036"
"約","15858"
"みる","15839"
"公開","15795"
"チーム","15768"
"おる","15763"
"くれる","15729"
"ウイルス","15720"
"受ける","14895"
"考える","14766"
"出る","14723"
"何","14703"
"分","14660"
"ところ","14654"
"そして","14442"
"女性","14081"
"初","13823"
"使う","13770"
"持つ","13759"
"年月日","13601"
"大","13548"
"以上","13451"
"さらに","13177"
"上","12823"
"どう","12673"
"放送","12653"
"映画","12614"
"対する","12570"
"高い","12534"
"戦","12532"
"話","12464"
"数","12361"
"語る","12287"
"内","12205"
"代表","12076"
"とき","12036"
"彼","11976"
"撮影","11892"
"入る","11890"
"作品","11823"
"開催","11818"
"配信","11711"
"現在","11566"
"知る","11561"
"ファン","11553"
"テレビ","11528"
"僕","11288"
"出演","11271"
"必要","11250"
"続ける","11148"
"人気","10979"
"登場","10976"
"そんな","10958"
"声","10942"
"同","10938"
"しかし","10928"
"動画","10809"
"おく","10670"
"続く","10590"
"影響","10589"
"予定","10566"
"今年","10524"
"そこ","10461"
"番組","10340"
"時代","10318"
"聞く","10271"
"情報","10255"
"姿","10242"
"場合","10175"
"行く","9947"
"新","9870"
"億","9840"
"とる","9822"
"良い","9798"
"画像","9787"
"ドラマ","9683"
"とも","9674"
"発売","9672"
"元","9553"
"強い","9545"
"感ずる","9539"
"作る","9526"
"結果","9493"
"代","9471"
"ほか","9366"
"自身","9326"
"大会","9313"
"状況","9256"
"つ","9200"
"点","9179"
"コメント","9176"
"大学","9169"
"シーズン","9133"
"問題","9076"
"同じ","9043"
"本","9032"
"新た","9016"
"気","9011"
"役","8959"
"確認","8912"
"男性","8906"
"販売","8906"
"話す","8893"
"出場","8860"
"他","8741"
"間","8730"
"ライブ","8730"
"紹介","8717"
"モデル","8617"
"ここ","8617"
"リーグ","8581"
"活動","8519"
"くださる","8518"
"ゲーム","8514"
"見せる","8470"
"注目","8410"
"メンバー","8406"
"こう","8363"
"多く","8258"
"仕事","8255"
"提供","8252"
"かける","8251"
"会社","8222"
"大きな","8221"
"者","8217"
"企業","8181"
"ご","8169"
"大きい","8158"
"本当","8101"
"曲","8073"
"拡大","8012"
"気持ち","7972"
"描く","7961"
"生活","7955"
"出す","7952"
"年月","7951"
"昨年","7908"
"部","7889"
"もらう","7870"
"相手","7864"
"決定","7837"
"系","7777"
"一方","7765"
"好き","7670"
"中国","7669"
"対策","7622"
"映像","7618"
"しれる","7524"
"可能性","7519"
"連続","7462"
"ぶり","7404"
"編集部","7379"
"すごい","7227"
"いただく","7194"
"決める","7185"
"最後","7183"
"県","7181"
"件","7157"
"務める","7142"
"手","7138"
"ちゃん","7101"
"やすい","7099"
"オンライン","7079"
"理由","7068"
"今後","7040"
"初めて","7030"
"シリーズ","7029"
"調査","7020"
"対応","7018"
"わかる","6971"
"笑","6963"
"全国","6955"
"始める","6942"
"変わる","6924"
"ポイント","6886"
"参加","6886"
"もう","6868"
"まま","6860"
"迎える","6855"
"スタート","6840"
"度","6813"
"大阪","6799"
"版","6793"
"力","6781"
"名","6774"
"活躍","6754"
"家族","6747"
"スポーツ","6716"
"増える","6647"
"次","6636"
"アニメ","6603"
"心","6575"
"店","6542"
"関係","6522"
"伝える","6520"
"子ども","6498"
"うち","6453"
"グループ","6452"
"当時","6396"
"利用","6395"
"向ける","6393"
"開始","6392"
"食べる","6392"
"来る","6371"
"的","6365"
"車","6361"
"実施","6350"
"ただ","6348"
"プレー","6337"
"公式","6329"
"一緒","6328"
"ゴール","6323"
"展開","6321"
"韓国","6317"
"入れる","6309"
"言葉","6298"
"誰","6292"
"見える","6287"
"話題","6281"
"期待","6257"
"記録","6256"
"枚","6254"
"可能","6238"
"分かる","6235"
"イベント","6167"
"家","6153"
"優勝","6133"
"価格","6093"
"皆","6080"
"デザイン","6065"
"開発","6046"
"感染者","6020"
"サービス","6012"
"商品","6006"
"号","5969"
"型","5951"
"番","5932"
"関する","5914"
"新しい","5910"
"少し","5899"
"年間","5895"
"選ぶ","5889"
"マスク","5879"
"禍","5871"
"プロ","5868"
"トップ","5850"
"呼ぶ","5846"
"違う","5842"
"思い","5833"
"以下","5831"
"獲得","5828"
"投稿","5779"
"得る","5764"
"経験","5757"
"わけ","5735"
"存在","5717"
"つける","5709"
"状態","5706"
"よい","5695"
"彼女","5695"
"それぞれ","5677"
"最高","5664"
"左","5653"
"サイト","5646"
"デビュー","5631"
"内容","5622"
"楽しむ","5607"
"期間","5601"
"使用","5601"
"なか","5592"
"場所","5586"
"合わせる","5576"
"勝利","5568"
"まず","5544"
"音楽","5521"
"二","5516"
"目指す","5501"
"感","5495"
"少ない","5481"
"実際","5477"
"イメージ","5471"
"すぎる","5449"
"政府","5425"
"披露","5409"
"いける","5403"
"市","5378"
"対象","5360"
"高校","5358"
"クラブ","5331"
"賞","5314"
"結婚","5307"
"限定","5300"
"以降","5300"
"シーン","5293"
"舞台","5280"
"アップ","5272"
"ほしい","5269"
"過去","5261"
"記事","5257"
"とても","5244"
"求める","5233"
"米","5227"
"今季","5218"
"すべて","5195"
"まだ","5182"
"地域","5172"
"中心","5171"
"ボール","5150"
"投手","5130"
"午後","5128"
"よく","5116"
"別","5115"
"説明","5113"
"際","5112"
"どんな","5110"
"国","5109"
"台","5105"
"リリース","5094"
"各","5094"
"示す","5094"
"加える","5085"
"取る","5083"
"駅","5081"
"社","5060"
"取材","5043"
"化","5020"
"女子","4999"
"みんな","4994"
"始まる","4981"
"しっかり","4967"
"医療","4949"
"一部","4931"
"全","4925"
"検査","4896"
"契約","4894"
"特別","4875"
"もちろん","4871"
"会見","4868"
"なん","4853"
"意味","4848"
"企画","4841"
"超える","4833"
"野球","4828"
"環境","4815"
"事業","4790"
"形","4787"
"様子","4785"
"特に","4784"
"メディア","4777"
"高","4764"
"支援","4761"
"楽しい","4757"
"サッカー","4752"
"側","4747"
"施設","4746"
"購入","4700"
"担当","4676"
"夏","4668"
"社会","4663"
"発生","4656"
"ニュース","4656"
"キャラクター","4649"
"最初","4629"
"練習","4629"
"男","4627"
"部分","4610"
"顔","4565"
"明かす","4557"
"期","4555"
"実","4545"
"子","4511"
"長い","4510"
"経済","4471"
"含む","4454"
"明らか","4449"
"成長","4443"
"ネット","4441"
"通り","4438"
"どこ","4425"
"学校","4402"
"なぜ","4382"
"難しい","4376"
"得点","4368"
"制作","4358"
"振り返る","4351"
"テーマ","4351"
"記者","4344"
"ひと","4342"
"こんな","4335"
"超","4320"
"演じる","4309"
"評価","4304"
"ちょっと","4302"
"もっと","4301"
"機能","4282"
"最大","4280"
"こちら","4273"
"関連","4271"
"記念","4269"
"上がる","4268"
"用","4267"
"体","4265"
"書く","4240"
"はず","4238"
"関係者","4233"
"人間","4232"
"挑戦","4224"
"事件","4208"
"俳優","4208"
"予想","4190"
"主演","4187"
"ブランド","4178"
"生きる","4173"
"与える","4172"
"頃","4158"
"本作","4151"
"宣言","4142"
"魅力","4125"
"劇場","4124"
"データ","4121"
"病院","4120"
"たくさん","4113"
"進む","4104"
"収録","4096"
"生","4093"
"センター","4090"
"感じ","4084"
"レース","4080"
"かかる","4079"
"事態","4055"
"スタッフ","4052"
"人生","4048"
"色","4046"
"現場","4037"
"大統領","4033"
"女優","4026"
"自宅","4022"
"終わる","4018"
"アメリカ","4009"
"終了","4007"
"集める","4007"
"海外","4004"
"技術","4004"
"立つ","4002"
"さまざま","3991"
"一番","3990"
"意識","3989"
"市場","3979"
"変化","3977"
"方法","3976"
"先","3974"
"進める","3963"
"入り","3962"
"最近","3956"
"開く","3954"
"物語","3952"
"楽曲","3942"
"下","3936"
"更新","3930"
"国内","3928"
"あまり","3918"
"三","3914"
"より","3913"
"最も","3911"
"スーパー","3898"
"送る","3898"
"表現","3876"
"生まれる","3875"
"寄せる","3861"
"所属","3859"
"万人","3853"
"開幕","3845"
"あと","3833"
"すぐ","3820"
"店舗","3819"
"夢","3815"
"印象","3812"
"なお","3811"
"文","3809"
"頭","3804"
"以来","3801"
"みたい","3784"
"果たす","3778"
"早い","3775"
"あの","3774"
"演ずる","3772"
"決まる","3771"
"緊急","3749"
"愛","3743"
"タイトル","3741"
"五輪","3734"
"以外","3729"
"今日","3724"
"対戦","3716"
"ランキング","3716"
"横浜","3700"
"米国","3696"
"述べる","3693"
"時期","3686"
"アルバム","3685"
"笑顔","3685"
"料理","3680"
"田中","3673"
"インタビュー","3670"
"差","3658"
"実現","3654"
"買う","3648"
"割","3643"
"性","3635"
"界","3630"
"セット","3625"
"挙げる","3613"
"読む","3608"
"変える","3607"
"オープン","3596"
"水","3595"
"掲載","3591"
"大人","3584"
"国際","3584"
"研究","3575"
"夜","3546"
"教える","3545"
"残る","3534"
"メッセージ","3527"
"大切","3526"
"中止","3526"
"不安","3525"
"世代","3522"
"頑張る","3514"
"いつ","3512"
"採用","3507"
"重要","3506"
"右","3500"
"週間","3498"
"含める","3497"
"どの","3490"
"東京都","3490"
"先発","3490"
"効果","3484"
"その後","3482"
"起きる","3473"
"会","3473"
"移籍","3473"
"感染症","3454"
"向け","3453"
"エンジン","3448"
"悪い","3447"
"カード","3444"
"電話","3444"
"カ月","3437"
"社長","3436"
"毎日","3427"
"鈴木","3421"
"システム","3419"
"営業","3418"
"時分","3415"
"再開","3411"
"なし","3399"
"全体","3389"
"決勝","3388"
"すでに","3385"
"事務所","3385"
"様","3384"
"楽しみ","3382"
"私たち","3380"
"構成","3376"
"スタイル","3374"
"オリジナル","3371"
"非常","3362"
"いつも","3361"
"出身","3354"
"感謝","3351"
"深い","3349"
"走る","3341"
"夫","3338"
"過ごす","3332"
"言える","3319"
"巨人","3313"
"完全","3308"
"観客","3306"
"残す","3305"
"ずっと","3305"
"いま","3303"
"公演","3302"
"委員会","3301"
"きっかけ","3299"
"最新","3292"
"程度","3285"
"美しい","3276"
"変更","3270"
"機会","3267"
"報告","3266"
"共","3260"
"行動","3254"
"中央","3243"
"日日","3238"
"周年","3236"
"集まる","3229"
"パフォーマンス","3222"
"娘","3221"
"で","3209"
"全て","3202"
"指摘","3199"
"個人","3193"
"戻る","3188"
"男子","3188"
"守る","3185"
"届ける","3181"
"先生","3181"
"応援","3165"
"活用","3165"
"判断","3162"
"面","3161"
"最終","3153"
"ワクチン","3150"
"くん","3149"
"共同","3144"
"場面","3139"
"あなた","3135"
"節","3134"
"目標","3131"
"主人公","3125"
"異なる","3115"
"成功","3108"
"戦う","3107"
"同社","3104"
"願う","3096"
"切る","3095"
"はじめ","3094"
"シュート","3090"
"同時","3089"
"歌う","3088"
"弾","3085"
"場","3081"
"働く","3072"
"メートル","3069"
"タイム","3069"
"デジタル","3065"
"俺","3063"
"道","3060"
"軍","3057"
"チェック","3052"
"ツアー","3051"
"法","3049"
"風","3045"
"追加","3042"
"アイテム","3041"
"タイプ","3040"
"再び","3035"
"設定","3034"
"キロ","3033"
"搭載","3031"
"長","3030"
"首相","3026"
"組","3023"
"機","3019"
"計画","3016"
"うれしい","3013"
"ステージ","3012"
"認める","3007"
"自動車","3006"
"置く","3004"
"管理","3002"
"もらえる","3002"
"生産","3001"
"アプリ","3001"
"機関","3000"
"通ずる","2993"
"人々","2991"
"等","2985"
"ケース","2985"
"後半","2984"
"計","2983"
"広島","2981"
"厳しい","2977"
"チャンネル","2973"
"ショット","2973"
"妻","2969"
"高橋","2963"
"安全","2963"
"金","2960"
"歴史","2959"
"無","2956"
"着る","2954"
"サイズ","2954"
"現地","2953"
"健康","2944"
"会議","2939"
"可愛い","2936"
"阪神","2932"
"自粛","2931"
"佐藤","2928"
"新聞","2928"
"会場","2926"
"名前","2925"
"表情","2922"
"シングル","2917"
"準備","2914"
"広がる","2910"
"地元","2910"
"位置","2909"
"打つ","2905"
"導入","2902"
"選手権","2896"
"音","2890"
"午前","2890"
"ほとんど","2888"
"らしい","2886"
"簡単","2884"
"鬼","2878"
"年代","2866"
"会長","2862"
"事故","2859"
"総合","2855"
"楽しめる","2852"
"乗る","2850"
"海","2849"
"勝つ","2849"
"以前","2847"
"ベスト","2844"
"原作","2840"
"訪れる","2839"
"かなり","2839"
"森","2837"
"ほう","2833"
"放つ","2832"
"ホーム","2832"
"注意","2830"
"メーカー","2823"
"比べる","2822"
"近く","2822"
"種類","2821"
"動き","2820"
"カラー","2819"
"相談","2817"
"距離","2816"
"報道","2815"
"ホテル","2814"
"時点","2810"
"待つ","2806"
"口","2805"
"式","2798"
"平均","2794"
"母","2789"
"防止","2782"
"年度","2781"
"レベル","2779"
"自然","2778"
"いずれ","2774"
"協力","2772"
"面白い","2769"
"再","2765"
"一度","2759"
"観る","2758"
"質問","2758"
"地方","2756"
"増加","2749"
"つながる","2748"
"京都","2747"
"感じる","2745"
"子供","2744"
"幸せ","2741"
"ファッション","2740"
"す","2739"
"嬉しい","2737"
"馬","2736"
"通常","2730"
"未来","2723"
"運営","2722"
"線","2721"
"アーティスト","2721"
"菅","2715"
"演出","2708"
"秒","2696"
"体験","2695"
"理解","2691"
"運転","2691"
"上げる","2691"
"大変","2682"
"大事","2681"
"投資","2680"
"ぜひ","2677"
"向かう","2675"
"文化","2671"
"アイドル","2668"
"プロジェクト","2663"
"いただける","2661"
"患者","2656"
"登録","2656"
"猫","2655"
"失点","2655"
"復帰","2654"
"外","2653"
"カメラ","2645"
"ゲスト","2643"
"発言","2642"
"若い","2638"
"お金","2637"
"陽性","2633"
"攻撃","2624"
"前年","2622"
"ストーリー","2621"
"漫画","2621"
"会う","2620"
"特徴","2616"
"自由","2616"
"加入","2609"
"中村","2609"
"解説","2607"
"候補","2606"
"反応","2603"
"日々","2599"
"歌","2596"
"率","2595"
"日本人","2594"
"住む","2592"
"男女","2592"
"ビジネス","2591"
"一人","2588"
"雰囲気","2588"
"株式","2584"
"キャンペーン","2575"
"一般","2573"
"比","2571"
"動く","2554"
"検討","2553"
"花","2553"
"議員","2552"
"恋","2552"
"朝","2548"
"チャンス","2546"
"答える","2545"
"なかなか","2543"
"報ずる","2542"
"奪う","2541"
"ベース","2540"
"足","2540"
"延期","2536"
"ドル","2533"
"肌","2531"
"父","2529"
"本人","2525"
"判明","2524"
"課題","2524"
"株","2522"
"全員","2520"
"ー","2520"
"国民","2510"
"カット","2509"
"原因","2507"
"同様","2507"
"ござる","2507"
"球団","2506"
"君","2506"
"ユーザー","2504"
"春","2503"
"様々","2502"
"キャスト","2502"
"瞬間","2497"
"意見","2494"
"北海道","2491"
"コーチ","2491"
"経営","2489"
"政権","2483"
"取り組む","2479"
"設置","2478"
"ごと","2476"
"驚く","2475"
"予約","2473"
"付き","2468"
"もし","2463"
"素晴らしい","2462"
"倍","2462"
"受賞","2460"
"相","2458"
"週","2452"
"絶対","2444"
"接種","2439"
"インスタグラム","2438"
"秋","2435"
"マーク","2434"
"最多","2433"
"街","2428"
"勝","2426"
"共演","2425"
"知事","2424"
"被害","2420"
"制限","2418"
"伴う","2417"
"さま","2411"
"リアル","2411"
"わたる","2406"
"台湾","2406"
"作","2404"
"狙う","2401"
"回答","2400"
"朝日","2399"
"新規","2399"
"ライン","2394"
"終える","2394"
"普段","2386"
"事","2384"
"前半","2383"
"誕生","2380"
"減少","2380"
"パワー","2376"
"今まで","2375"
"陣","2372"
"学生","2370"
"所","2369"
"自ら","2363"
"近い","2356"
"伊藤","2354"
"製作","2354"
"飲む","2354"
"強化","2353"
"通す","2351"
"ほぼ","2349"
"詳細","2347"
"食事","2347"
"部屋","2345"
"用意","2332"
"死亡","2332"
"リスク","2332"
"届く","2331"
"経る","2324"
"移動","2322"
"段","2322"
"教育","2321"
"達成","2320"
"吉田","2319"
"エリア","2317"
"分析","2312"
"複数","2309"
"コラボ","2309"
"あげる","2308"
"火","2307"
"クルマ","2306"
"大好き","2302"
"特集","2301"
"カップ","2301"
"団体","2300"
"低い","2300"
"息子","2298"
"講談社","2296"
"組織","2293"
"級","2291"
"次ぐ","2280"
"町","2274"
"合う","2271"
"違い","2267"
"協会","2266"
"付ける","2265"
"少年","2264"
"編","2262"
"ツイッター","2261"
"フリー","2259"
"安打","2258"
"うまい","2255"
"旅行","2255"
"希望","2254"
"日間","2254"
"対","2252"
"逮捕","2244"
"味","2244"
"途中","2243"
"いろいろ","2242"
"楽天","2239"
"夫婦","2238"
"身","2237"
"優しい","2236"
"量","2232"
"能力","2232"
"並ぶ","2231"
"トランプ","2231"
"死","2229"
"連載","2228"
"つくる","2224"
"個","2223"
"当初","2214"
"目的","2213"
"もつ","2213"
"品","2208"
"半分","2207"
"王者","2204"
"日月","2204"
"使える","2202"
"制度","2202"
"無料","2202"
"流れ","2200"
"中日","2198"
"沖縄","2197"
"職員","2197"
"飾る","2196"
"久保","2194"
"十分","2193"
"バック","2190"
"かわいい","2189"
"興味","2187"
"毎週","2183"
"再生","2182"
"元気","2180"
"飲食店","2177"
"素材","2176"
"高まる","2175"
"もと","2171"
"ビデオ","2169"
"運動","2169"
"警察","2168"
"互い","2166"
"クラス","2162"
"ダンス","2161"
"収入","2158"
"通信","2158"
"どれ","2156"
"完成","2151"
"需要","2151"
"重ねる","2150"
"作業","2149"
"調整","2146"
"同日","2144"
"減る","2143"
"小説","2142"
"要請","2140"
"忘れる","2139"
"雨","2137"
"杯","2135"
"着","2132"
"批判","2132"
"方針","2130"
"トーク","2129"
"業","2125"
"支える","2115"
"負ける","2111"
"名古屋","2110"
"貢献","2109"
"あ","2106"
"学ぶ","2106"
"起こる","2104"
"車両","2103"
"土","2098"
"段階","2098"
"現役","2097"
"バンド","2096"
"山田","2091"
"人物","2090"
"感覚","2088"
"回戦","2087"
"選択","2085"
"仲間","2083"
"山口","2083"
"改めて","2079"
"ワールド","2075"
"発","2074"
"年生","2074"
"銀行","2073"
"どちら","2073"
"弁護士","2072"
"上位","2071"
"何度","2070"
"なれる","2067"
"加藤","2067"
"普通","2063"
"失う","2061"
"確保","2059"
"自信","2057"
"恋愛","2057"
"回復","2057"
"迫る","2055"
"条件","2053"
"にくい","2051"
"やはり","2050"
"予選","2048"
"傾向","2045"
"芸人","2043"
"かつて","2043"
"抑える","2043"
"プレイ","2042"
"ラジオ","2041"
"局","2036"
"着用","2036"
"いえる","2035"
"週刊","2032"
"心配","2031"
"福岡","2031"
"欲しい","2030"
"例えば","2028"
"やっぱり","2023"
"通算","2021"
"仕様","2020"
"都内","2019"
"事実","2016"
"撮る","2015"
"就任","2009"
"製品","2005"
"逆","2005"
"入院","2003"
"種","2000"
"外出","1999"
"成績","1999"
"常","1997"
"治療","1997"
"新作","1997"
"島","1996"
"トヨタ","1994"
"サイド","1989"
"出来る","1989"
"反響","1989"
"改善","1987"
"食品","1986"
"紙","1983"
"メイン","1983"
"投票","1983"
"抱える","1982"
"引退","1981"
"突破","1981"
"日常","1979"
"王","1979"
"木","1978"
"光","1978"
"笑う","1978"
"スペシャル","1978"
"初回","1976"
"勝負","1974"
"コース","1974"
"キャリア","1973"
"込める","1973"
"輝く","1972"
"山本","1972"
"ホール","1971"
"見つける","1969"
"メイク","1967"
"ゴルフ","1962"
"部門","1962"
"選","1961"
"サポート","1953"
"進出","1952"
"川崎","1951"
"年齢","1950"
"維持","1948"
"安倍","1948"
"友人","1947"
"チケット","1944"
"トレーニング","1943"
"間違い","1943"
"覚える","1942"
"スマホ","1939"
"離れる","1938"
"メニュー","1935"
"タレント","1931"
"限り","1930"
"卒業","1930"
"滅","1929"
"スター","1928"
"教授","1928"
"ドライバー","1927"
"欧州","1926"
"つまり","1925"
"脚本","1923"
"発見","1922"
"多数","1920"
"独自","1918"
"ありがとう","1914"
"メジャー","1912"
"帰る","1911"
"背景","1908"
"触れる","1906"
"タイミング","1905"
"公園","1905"
"専用","1901"
"千葉","1899"
"まさに","1899"
"どのような","1899"
"地","1897"
"ボディ","1897"
"臨む","1897"
"フランス","1895"
"医師","1893"
"親","1891"
"応ずる","1890"
"都市","1889"
"継続","1887"
"先行","1886"
"両","1884"
"なくなる","1884"
"姿勢","1884"
"公表","1883"
"勝敗","1880"
"発揮","1879"
"木村","1877"
"新聞社","1876"
"広い","1876"
"主張","1872"
"選挙","1863"
"追う","1860"
"保険","1860"
"画面","1860"
"問う","1859"
"ドラフト","1858"
"価値","1858"
"バランス","1854"
"視聴者","1853"
"冬","1853"
"リモート","1851"
"勤務","1846"
"新曲","1843"
"守備","1843"
"および","1842"
"避ける","1841"
"関わる","1838"
"大手","1837"
"症状","1836"
"向上","1833"
"前回","1831"
"明るい","1831"
"王子","1829"
"東","1828"
"意外","1828"
"表示","1827"
"わずか","1826"
"刃","1826"
"本塁打","1820"
"繰り返す","1819"
"星","1819"
"松本","1818"
"行為","1816"
"上昇","1814"
"バッグ","1814"
"神戸","1813"
"暮らす","1810"
"あたる","1810"
"空気","1809"
"考え","1808"
"政策","1806"
"盤","1805"
"母親","1803"
"備える","1803"
"来年","1802"
"我々","1802"
"学園","1798"
"減","1796"
"エース","1795"
"スピード","1794"
"例","1792"
"解決","1790"
"ロック","1790"
"女","1786"
"当たる","1785"
"小さい","1784"
"許す","1781"
"必ず","1779"
"クラスター","1778"
"発信","1778"
"戦い","1776"
"高める","1776"
"集団","1774"
"地区","1774"
"聴く","1773"
"ルール","1773"
"半","1770"
"増","1767"
"停止","1766"
"キャンプ","1766"
"階","1764"
"保護","1763"
"直後","1762"
"過ぎる","1759"
"今月","1758"
"リード","1758"
"プラス","1757"
"現状","1756"
"直接","1755"
"安心","1753"
"気分","1753"
"税込","1751"
"胸","1751"
"声優","1749"
"上回る","1748"
"支持","1746"
"みな","1746"
"山","1746"
"先輩","1745"
"ひとり","1743"
"球","1742"
"関西","1739"
"市民","1737"
"いっぱい","1736"
"起用","1735"
"関東","1734"
"生徒","1734"
"ま","1733"
"周り","1731"
"思える","1729"
"素敵","1725"
"首位","1723"
"エピソード","1723"
"村","1722"
"まとめる","1721"
"二人","1721"
"集中","1720"
"大型","1719"
"とにかく","1719"
"アジア","1717"
"高校生","1716"
"笑い","1714"
"枠","1714"
"投げる","1713"
"空間","1712"
"スタジオ","1712"
"ソフトバンク","1710"
"不足","1706"
"抜く","1705"
"レギュラー","1705"
"比較","1703"
"しかも","1703"
"ごろ","1701"
"三浦","1701"
"住宅","1700"
"延長","1699"
"訴える","1698"
"出会う","1698"
"数字","1698"
"昔","1697"
"歩く","1697"
"至る","1694"
"現代","1693"
"ちなみ","1693"
"手掛ける","1693"
"家庭","1692"
"提案","1691"
"大幅","1689"
"観光","1688"
"ドイツ","1686"
"電子","1685"
"悩む","1684"
"コンビ","1684"
"喜ぶ","1684"
"限る","1683"
"責任","1679"
"探す","1678"
"感情","1677"
"シャツ","1677"
"激しい","1676"
"カバー","1676"
"っぽい","1675"
"月末","1674"
"筆者","1673"
"工場","1673"
"昭和","1671"
"小林","1671"
"挑む","1670"
"落ちる","1670"
"怖い","1668"
"マッチ","1668"
"業務","1664"
"え","1664"
"ダウン","1663"
"演技","1662"
"指導","1662"
"逆転","1661"
"英国","1661"
"誇る","1661"
"動物","1655"
"累計","1655"
"引用","1653"
"衣装","1649"
"グッズ","1648"
"東海","1647"
"鉄道","1646"
"主題歌","1645"
"連絡","1644"
"少女","1642"
"措置","1642"
"専門家","1642"
"自己","1642"
"未満","1640"
"新人","1638"
"亡くなる","1637"
"社員","1636"
"コーナー","1635"
"フジテレビ","1633"
"将来","1632"
"産業","1630"
"編集","1628"
"控える","1627"
"製造","1627"
"要素","1624"
"物","1622"
"いろんな","1621"
"現実","1620"
"巡る","1618"
"前後","1618"
"客","1618"
"シート","1616"
"料金","1615"
"イラスト","1615"
"あたり","1614"
"おすすめ","1612"
"広告","1611"
"小","1611"
"組む","1608"
"黒","1608"
"役割","1607"
"生まれ","1606"
"信ずる","1606"
"専門","1606"
"資金","1604"
"昨季","1603"
"旅","1602"
"ヒット","1602"
"遊ぶ","1600"
"裏","1598"
"想像","1595"
"プラン","1594"
"ビジュアル","1594"
"ショップ","1592"
"確か","1592"
"走行","1592"
"おいしい","1589"
"うえ","1589"
"テスト","1589"
"記憶","1589"
"若手","1588"
"宇宙","1588"
"従業員","1588"
"有名","1588"
"連勝","1586"
"小さな","1586"
"積極的","1586"
"規模","1586"
"空港","1586"
"世界中","1582"
"税","1581"
"指名","1576"
"基準","1576"
"数々","1574"
"交流","1574"
"自体","1574"
"徹底","1573"
"予防","1573"
"自動","1572"
"住民","1572"
"全く","1571"
"努力","1570"
"神","1569"
"妃","1567"
"具体的","1567"
"本日","1567"
"がち","1566"
"世","1566"
"負担","1562"
"現","1560"
"解除","1559"
"思い出","1557"
"特典","1556"
"前日","1553"
"番手","1553"
"渡辺","1551"
"収める","1549"
"野菜","1549"
"各地","1547"
"スペース","1546"
"アナ","1545"
"起こす","1545"
"金額","1545"
"層","1544"
"道路","1541"
"打撃","1541"
"ページ","1540"
"悩み","1540"
"そもそも","1539"
"ジャニーズ","1538"
"プロデューサー","1535"
"マンガ","1534"
"衝撃","1531"
"法人","1531"
"テニス","1531"
"スペイン","1531"
"南","1530"
"連携","1530"
"人口","1529"
"増やす","1527"
"井上","1527"
"アピール","1524"
"作家","1524"
"九州","1523"
"涙","1521"
"目立つ","1521"
"コーデ","1520"
"毎年","1519"
"濃厚","1519"
"犬","1518"
"石川","1516"
"基本","1514"
"参戦","1512"
"一気","1512"
"戦略","1512"
"広げる","1512"
"もともと","1511"
"明日","1509"
"命","1509"
"当然","1508"
"服","1508"
"西武","1508"
"白","1507"
"事前","1507"
"シンプル","1507"
"従来","1506"
"まったく","1504"
"アシスト","1503"
"障害","1502"
"分秒","1502"
"復活","1501"
"危険","1499"
"史","1498"
"気づく","1497"
"流れる","1496"
"気温","1495"
"禁止","1491"
"ミュージック","1491"
"近年","1490"
"突然","1488"
"謎","1484"
"ツイート","1482"
"勢い","1482"
"アート","1481"
"受け入れる","1478"
"肉","1478"
"山崎","1475"
"波","1473"
"イタリア","1471"
"展示","1470"
"似る","1470"
"千","1469"
"体制","1468"
"周囲","1467"
"登板","1466"
"藤井","1464"
"意気","1464"
"父親","1463"
"止まる","1459"
"英","1459"
"熱い","1457"
"周辺","1457"
"友達","1457"
"パス","1457"
"唯一","1454"
"タイ","1454"
"屋","1452"
"視聴","1451"
"酒","1447"
"勉強","1447"
"食","1446"
"ブラック","1446"
"イギリス","1444"
"疑い","1444"
"交通","1444"
"介護","1444"
"オフ","1443"
"身体","1442"
"かつ","1441"
"模様","1439"
"コンテンツ","1438"
"清水","1437"
"方向","1437"
"相当","1436"
"絶賛","1436"
"表明","1436"
"議論","1436"
"指定","1436"
"アクション","1435"
"日時","1434"
"強調","1433"
"トレンド","1433"
"時計","1433"
"政治","1432"
"流行","1432"
"落とす","1432"
"豪華","1432"
"高齢者","1432"
"甲子園","1432"
"橋本","1431"
"製","1430"
"金融","1430"
"クロス","1429"
"取り組み","1429"
"ふたり","1428"
"プレゼント","1427"
"止める","1427"
"案","1426"
"原","1424"
"ただし","1419"
"香港","1419"
"ジャパン","1419"
"調べる","1418"
"付く","1416"
"表","1415"
"渋谷","1414"
"出演者","1413"
"立場","1411"
"想い","1410"
"ジャケット","1410"
"見通し","1409"
"伝わる","1408"
"インターネット","1408"
"ポジション","1407"
"ワーク","1406"
"圧倒的","1405"
"性能","1404"
"列車","1402"
"残り","1402"
"たっぷり","1401"
"ブルー","1401"
"まだまだ","1401"
"捉える","1400"
"席","1398"
"占める","1398"
"掲げる","1398"
"ベンチ","1397"
"敗れる","1397"
"ドーム","1397"
"同じく","1396"
"死ぬ","1394"
"失敗","1394"
"区","1393"
"やめる","1391"
"担当者","1390"
"冠","1390"
"試験","1386"
"オリンピック","1382"
"離婚","1382"
"違反","1380"
"日金","1380"
"本来","1380"
"授業","1379"
"初日","1378"
"全部","1377"
"ストレス","1377"
"歌詞","1375"
"正しい","1374"
"額","1373"
"正直","1373"
"メール","1373"
"危機","1372"
"懸念","1372"
"香り","1372"
"総","1371"
"捜査","1370"
"歌手","1370"
"キャラ","1370"
"ギャラリー","1370"
"ホンダ","1369"
"モード","1369"
"通う","1366"
"現れる","1364"
"美容","1364"
"乃木坂","1363"
"ペース","1362"
"災害","1361"
"事情","1359"
"次第","1359"
"規制","1359"
"まるで","1358"
"見つかる","1355"
"美","1354"
"警戒","1354"
"詳しい","1354"
"あれ","1353"
"取り入れる","1352"
"取れる","1352"
"株価","1352"
"緊張","1352"
"容疑者","1351"
"進化","1351"
"競技","1350"
"甘い","1349"
"防ぐ","1349"
"ロッテ","1349"
"装備","1348"
"育成","1348"
"結ぶ","1347"
"あふれる","1346"
"愛する","1344"
"自治体","1342"
"若者","1342"
"安定","1342"
"解禁","1341"
"国家","1341"
"驚き","1341"
"不明","1340"
"佐々木","1340"
"同士","1340"
"信頼","1340"
"スマートフォン","1339"
"認識","1339"
"豊か","1336"
"アカウント","1333"
"ダメ","1332"
"岡山","1330"
"整備","1328"
"感動","1327"
"トラック","1327"
"建設","1326"
"取得","1325"
"誕生日","1325"
"接触","1325"
"サウンド","1324"
"エネルギー","1323"
"方々","1321"
"壁","1320"
"芝居","1320"
"どんどん","1319"
"雑誌","1318"
"ハウス","1316"
"除く","1316"
"幅広い","1315"
"川","1313"
"正式","1313"
"基本的","1311"
"拠点","1311"
"最","1310"
"西","1309"
"残念","1308"
"見事","1307"
"消費","1305"
"対決","1305"
"反対","1303"
"ニュー","1303"
"地球","1303"
"分野","1302"
"つもり","1301"
"再現","1301"
"短い","1299"
"台風","1298"
"航空","1296"
"引き続く","1295"
"生かす","1293"
"バス","1293"
"作り","1292"
"労働","1291"
"高速","1291"
"スタジアム","1291"
"札幌","1290"
"困難","1289"
"年前","1289"
"マンション","1288"
"重い","1288"
"去年","1286"
"向き合う","1285"
"設計","1285"
"ショー","1285"
"運ぶ","1284"
"自民党","1284"
"七","1283"
"費用","1283"
"アナウンサー","1281"
"坂","1281"
"年金","1280"
"担う","1280"
"最強","1280"
"浦和","1280"
"世界的","1279"
"リーグ戦","1279"
"交換","1278"
"いくつ","1277"
"用いる","1276"
"ロング","1275"
"回る","1275"
"芸能","1275"
"伸ばす","1274"
"児童","1273"
"かかわる","1272"
"以内","1272"
"チャレンジ","1271"
"安い","1271"
"急","1271"
"喜び","1271"
"休業","1270"
"トラブル","1270"
"プレミア","1268"
"バイデン","1268"
"行なう","1268"
"ついに","1268"
"処分","1266"
"ラグビー","1266"
"埼玉県","1265"
"会員","1264"
"病気","1263"
"東北","1262"
"リーダー","1261"
"ユニット","1261"
"実績","1261"
"深夜","1260"
"オール","1260"
"資産","1260"
"利益","1258"
"全力","1257"
"手がける","1256"
"小池","1256"
"存在感","1255"
"会社員","1255"
"戦争","1254"
"好","1254"
"軽い","1253"
"もたらす","1252"
"たとえば","1252"
"出席","1251"
"城","1250"
"申請","1250"
"北","1250"
"ヤクルト","1250"
"英語","1250"
"次々","1249"
"基づく","1249"
"あり","1249"
"大丈夫","1248"
"ブラジル","1247"
"繰り広げる","1247"
"回転","1247"
"福島","1246"
"資料","1246"
"割合","1245"
"処理","1244"
"コンセプト","1243"
"ラスト","1241"
"ブロック","1241"
"合計","1240"
"コーヒー","1240"
"世界観","1240"
"大臣","1237"
"派","1237"
"文字","1236"
"引く","1235"
"カー","1235"
"お笑い","1233"
"ライト","1232"
"外国人","1232"
"マシン","1232"
"開ける","1230"
"研究所","1230"
"ちゃんと","1230"
"センチ","1227"
"設立","1227"
"決断","1227"
"プロレス","1226"
"育てる","1225"
"想定","1224"
"まさか","1224"
"見込み","1222"
"参考","1222"
"共有","1222"
"誌","1221"
"東日本","1221"
"電気","1220"
"利用者","1217"
"カフェ","1217"
"会話","1216"
"選出","1215"
"要因","1214"
"告白","1213"
"ゼロ","1213"
"室","1212"
"女王","1212"
"一生","1211"
"倒産","1210"
"全然","1208"
"ミス","1208"
"投入","1207"
"ソング","1207"
"三振","1205"
"一時","1205"
"小学校","1203"
"コート","1203"
"空","1202"
"い","1202"
"手術","1201"
"充実","1201"
"ソフト","1200"
"同期","1200"
"大量","1199"
"避難","1198"
"加速","1197"
"兆","1196"
"制する","1195"
"作成","1194"
"いたす","1193"
"歴代","1191"
"末","1190"
"落ち着く","1189"
"明治","1189"
"幅","1189"
"生み出す","1189"
"四","1189"
"林","1187"
"呼びかける","1185"
"読者","1185"
"たび","1185"
"コミュニケーション","1184"
"感想","1182"
"地震","1181"
"ころ","1179"
"浴びる","1179"
"不思議","1178"
"頂く","1178"
"当日","1178"
"一般的","1178"
"アウト","1178"
"便利","1177"
"徐々","1176"
"買い物","1175"
"結局","1175"
"直前","1174"
"おしゃれ","1173"
"表紙","1173"
"バイク","1173"
"票","1173"
"事業者","1172"
"平成","1171"
"館","1171"
"判定","1171"
"伝説","1170"
"自転車","1170"
"作曲","1170"
"年末","1169"
"抜群","1169"
"無理","1169"
"学院","1168"
"高級","1168"
"開設","1168"
"到着","1168"
"本田","1168"
"決意","1166"
"クリーム","1166"
"押す","1166"
"中学","1166"
"青春","1164"
"主要","1163"
"図る","1161"
"非","1160"
"耳","1159"
"交代","1158"
"日産","1157"
"伸びる","1156"
"受け取る","1156"
"ドレス","1156"
"府","1153"
"立","1153"
"県内","1153"
"推進","1152"
"ニューヨーク","1152"
"達する","1152"
"静岡","1152"
"ショート","1151"
"売れる","1149"
"低下","1148"
"下す","1147"
"逃げる","1147"
"言及","1147"
"例年","1147"
"長官","1146"
"共通","1145"
"結成","1144"
"貴重","1143"
"出産","1143"
"仙台","1142"
"ナンバー","1141"
"武器","1141"
"ソウル","1140"
"ライバル","1140"
"めぐる","1140"
"先日","1140"
"運用","1140"
"岡田","1138"
"ヘッド","1138"
"世帯","1138"
"泣く","1137"
"得意","1137"
"実感","1136"
"ネタ","1133"
"関心","1133"
"アンケート","1133"
"埼玉","1131"
"生命","1130"
"コレクション","1130"
"人数","1129"
"特定","1128"
"ライター","1127"
"エール","1127"
"ビッグ","1126"
"出版","1125"
"抱く","1125"
"下がる","1124"
"あるいは","1124"
"握る","1123"
"市長","1123"
"順位","1121"
"設ける","1121"
"争い","1120"
"つの","1120"
"主義","1119"
"発展","1119"
"大阪府","1118"
"策","1116"
"構造","1116"
"コントロール","1116"
"坂本","1115"
"両親","1113"
"悔しい","1111"
"袋","1111"
"党","1111"
"刑事","1110"
"か月","1109"
"打席","1109"
"神奈川","1109"
"期間中","1109"
"印象的","1108"
"投球","1108"
"期限","1108"
"愛す","1108"
"作詞","1107"
"リスト","1107"
"個性","1106"
"打率","1106"
"減らす","1105"
"桜","1104"
"ピンク","1103"
"北朝鮮","1102"
"ヒロイン","1102"
"好調","1102"
"材料","1100"
"ダブル","1099"
"グリーン","1098"
"国会","1098"
"豊富","1097"
"カレー","1095"
"珍しい","1095"
"視点","1094"
"パン","1093"
"季節","1093"
"クール","1092"
"当たり前","1092"
"どういう","1091"
"顧客","1091"
"いわゆる","1091"
"ママ","1090"
"取引","1089"
"新宿","1089"
"疑問","1089"
"加わる","1088"
"合意","1088"
"ビール","1088"
"お店","1087"
"クリスマス","1087"
"流す","1087"
"庁","1086"
"謝罪","1086"
"最終的","1086"
"フロント","1084"
"警","1084"
"食材","1083"
"助ける","1083"
"打者","1081"
"付近","1081"
"降る","1080"
"否定","1080"
"マイナス","1079"
"制","1079"
"交渉","1079"
"令和","1079"
"日本語","1078"
"球場","1078"
"旧","1077"
"体調","1077"
"動かす","1077"
"レシピ","1076"
"女の子","1075"
"宮崎","1074"
"容疑","1074"
"先制","1074"
"演奏","1072"
"優れる","1072"
"売上高","1071"
"きょう","1070"
"雪","1070"
"プラットフォーム","1067"
"困る","1067"
"経つ","1067"
"写真集","1066"
"本部","1066"
"初代","1066"
"終盤","1066"
"差別","1065"
"同市","1065"
"注文","1065"
"職場","1065"
"有効","1064"
"絵","1063"
"供給","1063"
"操作","1062"
"包む","1062"
"連盟","1062"
"やや","1062"
"渡る","1060"
"立てる","1060"
"携帯","1059"
"ストレート","1059"
"度目","1058"
"校","1058"
"性格","1057"
"試す","1057"
"なに","1055"
"翌日","1055"
"署","1054"
"とどまる","1053"
"提出","1053"
"募集","1053"
"隊","1052"
"日程","1051"
"慣れる","1051"
"民主党","1051"
"望む","1051"
"フォト","1051"
"業績","1050"
"寝る","1050"
"今週","1049"
"入団","1049"
"オーディション","1049"
"ロシア","1048"
"厚生","1047"
"アドバイス","1045"
"大谷","1044"
"出会い","1043"
"在宅","1043"
"山下","1042"
"手続き","1042"
"パッケージ","1042"
"ジャンプ","1042"
"一体","1042"
"きれい","1041"
"単独","1041"
"悪化","1040"
"飛ぶ","1039"
"科学","1039"
"シェア","1038"
"ジャンル","1038"
"業界","1038"
"リング","1038"
"診断","1037"
"フル","1036"
"メリット","1036"
"初戦","1036"
"知識","1035"
"代わり","1035"
"浮上","1035"
"ブログ","1034"
"パートナー","1034"
"八","1033"
"判決","1032"
"仕組み","1031"
"回数","1031"
"アニメーション","1031"
"記す","1031"
"都道府県","1030"
"騎手","1030"
"プログラム","1030"
"巻","1029"
"増す","1029"
"タイヤ","1028"
"ラウンド","1028"
"確定","1026"
"あらゆる","1026"
"全日本","1026"
"満足","1026"
"長年","1025"
"レストラン","1025"
"と","1024"
"課","1023"
"路線","1022"
"秘密","1022"
"巨大","1022"
"振る","1021"
"力強い","1021"
"ラインナップ","1021"
"乗り越える","1020"
"決して","1020"
"連覇","1020"
"扱う","1019"
"寄付","1018"
"保つ","1018"
"決済","1018"
"コード","1017"
"独立","1017"
"匹","1016"
"いかに","1016"
"未","1016"
"モーター","1015"
"もっとも","1015"
"左右","1014"
"さらなる","1014"
"雇用","1013"
"重視","1013"
"分ける","1012"
"応える","1011"
"達","1010"
"レアル","1010"
"バルセロナ","1009"
"トイレ","1008"
"実力","1008"
"数多く","1007"
"背中","1007"
"発行","1007"
"向く","1006"
"愛知県","1006"
"予測","1006"
"クリア","1006"
"不正","1005"
"納得","1004"
"予算","1004"
"整理","1004"
"遅れる","1004"
"ドライブ","1003"
"こだわり","1003"
"確実","1002"
"美味しい","1002"
"近づく","1001"
"電車","1001"
"嵐","1000"
"こなす","999"
"呼び掛ける","999"
"長男","998"
"筋肉","998"
"神奈川県","997"
"レッド","997"
"被害者","997"
"パンツ","995"
"考え方","995"
"藤原","995"
"ようやく","994"
"コンパクト","993"
"総理","992"
"すぎ","991"
"訪問","990"
"きっと","990"
"定番","990"
"敵","989"
"苦しい","988"
"小学生","987"
"主催","987"
"いかが","987"
"オーナー","987"
"才能","985"
"座る","985"
"横","985"
"髪","983"
"国立","982"
"出来事","982"
"昇格","981"
"売り上げ","980"
"テレワーク","980"
"ホワイト","980"
"翔","980"
"歩","980"
"前田","980"
"下旬","980"
"こだわる","979"
"松井","978"
"参加者","978"
"範囲","978"
"熱","978"
"普及","977"
"千葉県","977"
"本格的","977"
"中継","977"
"プロデュース","976"
"行政","975"
"アカデミー","974"
"ソーシャル","974"
"全米","974"
"込み","973"
"安田","973"
"体重","972"
"中島","971"
"九","970"
"肩","970"
"隔離","970"
"制覇","969"
"グラビア","969"
"及ぶ","968"
"ポスト","967"
"フード","967"
"おうち","967"
"実験","964"
"思い出す","963"
"せい","963"
"解消","962"
"親子","962"
"西日本","960"
"オファー","959"
"既に","957"
"役者","957"
"ショック","957"
"要求","955"
"準決勝","954"
"嫌","954"
"支払う","954"
"アレンジ","954"
"世紀","952"
"経緯","952"
"スーツ","952"
"アクセス","952"
"足りる","951"
"遠藤","950"
"工夫","949"
"下げる","949"
"キープ","948"
"勝ち","948"
"速報","948"
"刺激","947"
"打点","947"
"琉球","947"
"学","946"
"隠す","946"
"上映","946"
"返す","946"
"接触者","945"
"コスト","944"
"プライベート","944"
"伝統","943"
"員","943"
"一定","941"
"おかげ","941"
"組み合わせ","941"
"天気","940"
"兄弟","940"
"加工","940"
"主将","940"
"つなぐ","940"
"検証","940"
"指示","939"
"斎藤","938"
"見守る","938"
"死者","937"
"類","937"
"暮らし","937"
"外す","936"
"トーナメント","936"
"推移","935"
"修正","935"
"モノ","935"
"救う","935"
"宿泊","935"
"大阪市","934"
"池田","934"
"世の中","934"
"工事","934"
"依頼","934"
"脳","934"
"夫妻","933"
"保有","933"
"園","932"
"ハム","932"
"取り上げる","932"
"不","931"
"交際","931"
"義務","931"
"ちょうど","930"
"適用","930"
"本体","930"
"捨てる","928"
"バッテリー","928"
"続々","928"
"株主","928"
"ラーメン","928"
"スタメン","928"
"パーク","927"
"ニッポン","927"
"大ヒット","927"
"開幕戦","926"
"趣味","926"
"立ち上げる","926"
"よろしく","925"
"法律","925"
"ケア","925"
"ポーズ","925"
"削減","925"
"学習","924"
"魅力的","924"
"半年","924"
"施す","924"
"付","923"
"しばらく","923"
"細かい","922"
"保存","922"
"むしろ","922"
"見どころ","922"
"公式戦","922"
"首","921"
"便","920"
"序盤","919"
"余裕","919"
"集英社","918"
"速い","917"
"緩和","916"
"把握","916"
"ガソリン","916"
"明確","916"
"ライダー","915"
"率いる","914"
"コスプレ","914"
"改革","914"
"ベテラン","913"
"捕手","912"
"コスメ","912"
"ヨーロッパ","912"
"恋人","911"
"仲","911"
"総額","910"
"消える","910"
"タッグ","909"
"育つ","908"
"長谷川","908"
"苦手","907"
"精神","907"
"強烈","906"
"赤ちゃん","906"
"本社","905"
"スポット","904"
"妊娠","904"
"都","903"
"およそ","903"
"収納","903"
"民間","903"
"寒い","903"
"香川","902"
"広報","902"
"久しぶり","902"
"誘う","901"
"きちんと","900"
"導く","900"
"産","900"
"揃う","900"
"組み合わせる","900"
"予告","899"
"踏まえる","899"
"パンデミック","899"
"在住","899"
"認定","898"
"ぴったり","898"
"ファミリー","897"
"売る","896"
"楽","896"
"構築","896"
"消費者","895"
"きれる","894"
"応募","894"
"試合後","894"
"不動産","894"
"共感","894"
"温泉","893"
"フォロワー","893"
"踊る","892"
"コンサート","892"
"台数","892"
"中旬","892"
"特殊","891"
"ロンドン","891"
"覚悟","891"
"複雑","891"
"さすが","891"
"ストア","890"
"代目","890"
"計算","890"
"人材","889"
"連敗","889"
"長期","889"
"静岡県","889"
"コンビニ","888"
"タッチ","887"
"座","887"
"出力","887"
"物件","887"
"ポスター","887"
"出せる","886"
"弟","886"
"薬","886"
"全身","886"
"理想","885"
"石田","885"
"今度","884"
"ランク","884"
"戦士","883"
"払う","882"
"松山","882"
"カッコ","882"
"五","882"
"プレイヤー","882"
"打","881"
"不倫","881"
"冒頭","881"
"不要","881"
"スコア","880"
"ファイナル","880"
"兄","880"
"シティ","879"
"丸","877"
"インパクト","877"
"近藤","877"
"狙い","876"
"後輩","876"
"み","876"
"響く","874"
"添える","873"
"腕","873"
"後ろ","872"
"優先","872"
"選択肢","872"
"バラエティ","872"
"憧れ","872"
"仮面","872"
"切れる","871"
"臨時","871"
"勇気","871"
"現時点","871"
"王座","871"
"将棋","870"
"贈る","869"
"各国","869"
"大規模","869"
"盛り上げる","868"
"デート","868"
"バトル","868"
"インド","868"
"大分","866"
"個人的","865"
"当たり","865"
"ソロ","864"
"年年","863"
"太郎","863"
"当てる","863"
"工業","863"
"内閣","862"
"卓球","862"
"鹿島","861"
"モバイル","861"
"行ける","861"
"配慮","860"
"白い","860"
"トン","860"
"あわせる","860"
"裁判","859"
"福祉","858"
"兵庫県","856"
"崩壊","856"
"完璧","856"
"ハード","855"
"密","855"
"サイン","855"
"似合う","854"
"お客様","854"
"がる","853"
"ニット","853"
"乗せる","853"
"丁寧","852"
"げ","852"
"ポップ","851"
"日曜","851"
"週末","851"
"独占","851"
"軸","851"
"好評","849"
"ファースト","849"
"離脱","849"
"芸術","848"
"懸命","848"
"アンダー","848"
"苦しむ","848"
"指揮官","848"
"ご飯","847"
"お客","847"
"破る","847"
"勝てる","846"
"真剣","846"
"魚","846"
"最速","846"
"配置","845"
"最低","845"
"終わり","844"
"勝ち点","844"
"弱い","843"
"保健所","843"
"ステップ","843"
"中川","843"
"ホームページ","843"
"芝","842"
"抽選","842"
"中断","841"
"赤","840"
"オリックス","840"
"史上","840"
"成果","840"
"長野","840"
"受付","839"
"スタンド","838"
"靴","838"
"華やか","838"
"結構","837"
"資格","837"
"オフィス","837"
"冷凍","836"
"陥る","836"
"約束","836"
"スケジュール","836"
"中京","836"
"実行","835"
"子育て","835"
"日水","835"
"直樹","834"
"下さる","834"
"改正","834"
"配当","834"
"負傷","833"
"基","833"
"同僚","833"
"新潟","833"
"菅野","833"
"著書","833"
"綴る","833"
"松田","833"
"協議","833"
"選抜","832"
"著","832"
"競馬","832"
"太陽","832"
"自殺","831"
"モチーフ","831"
"抗議","831"
"前向き","830"
"習慣","830"
"天才","830"
"竹内","830"
"チーズ","829"
"チェーン","829"
"引っ張る","828"
"権利","828"
"コラボレーション","827"
"建物","826"
"味わう","826"
"配布","825"
"スイーツ","825"
"赤字","825"
"細胞","825"
"急増","825"
"興行","823"
"快適","823"
"装着","823"
"アイデア","823"
"キック","822"
"パソコン","822"
"辞める","821"
"ディレクター","821"
"お気に入り","820"
"主な","820"
"背負う","820"
"溢れる","819"
"形式","819"
"ミュージカル","819"
"コント","818"
"集計","818"
"グランプリ","818"
"愛知","818"
"打線","818"
"劇","818"
"答え","818"
"称賛","818"
"がん","817"
"整える","817"
"詰まる","817"
"電動","817"
"寺","817"
"値","816"
"チャンピオン","815"
"飼い主","815"
"上司","815"
"ライフ","815"
"渡す","814"
"充電","814"
"同作","814"
"気筒","813"
"痛み","813"
"初期","813"
"なり","813"
"上手い","813"
"生地","813"
"重","812"
"先月","812"
"ゴールデン","811"
"日土","811"
"連れる","811"
"低","811"
"見つめる","810"
"柄","809"
"電力","809"
"尽くす","809"
"無い","809"
"機器","808"
"効く","808"
"ブーム","808"
"盛り上がる","808"
"大島","807"
"既存","807"
"旬","807"
"ベルト","807"
"従事者","806"
"ボックス","806"
"グローバル","805"
"興奮","805"
"つづる","805"
"華","804"
"いきなり","804"
"主力","804"
"中学生","804"
"ネットワーク","804"
"成立","803"
"メルセデス","803"
"州","803"
"右腕","803"
"考慮","803"
"意思","802"
"平和","802"
"銘柄","802"
"日新","802"
"キャプテン","801"
"柏","800"
"ダウンロード","800"
"秋田","800"
"証明","800"
"調子","799"
"遅い","799"
"作れる","798"
"問い合わせ","798"
"拒否","797"
"冷静","796"
"息","796"
"ワンピース","795"
"回避","795"
"陰性","795"
"吉村","795"
"直近","794"
"芸能人","793"
"そば","793"
"レンタル","793"
"誠","793"
"ご覧","793"
"表す","793"
"欠かせる","793"
"太平洋","792"
"ボタン","792"
"大学生","792"
"ケーキ","792"
"教室","791"
"汗","791"
"聞こえる","791"
"幹部","791"
"真","790"
"ハマる","790"
"ノート","790"
"プレミアム","789"
"つかむ","789"
"由来","788"
"土曜","788"
"促す","788"
"繋がる","788"
"戻す","788"
"づらい","787"
"観測","787"
"ぼ","787"
"スキル","787"
"おこなう","787"
"主に","787"
"売上","786"
"脚","785"
"バージョン","785"
"オフィシャル","785"
"オーストラリア","784"
"南野","784"
"主婦","784"
"水準","784"
"実家","783"
"アスリート","783"
"焼く","783"
"圭","783"
"長崎","783"
"ナイト","783"
"三菱","782"
"抜ける","782"
"開業","782"
"ぱ","781"
"挨拶","781"
"休止","781"
"ドコモ","781"
"速度","781"
"喫する","781"
"優","780"
"新幹線","780"
"独特","780"
"同点","780"
"クラウド","780"
"招く","779"
"金曜","779"
"先頭","779"
"プロフィール","778"
"設備","778"
"検索","778"
"退団","778"
"ギター","777"
"ヒーロー","777"
"暑い","777"
"ディフェンス","777"
"内田","777"
"シード","776"
"ゆっくり","776"
"みせる","775"
"強","775"
"通過","775"
"バラエティー","775"
"周","774"
"経路","774"
"トライ","774"
"満たす","774"
"星野","774"
"取り戻す","774"
"半沢","774"
"ダイエット","774"
"券","773"
"掃除","773"
"象徴","772"
"プレッシャー","772"
"中山","771"
"フィギュア","770"
"番号","770"
"年収","769"
"手段","769"
"めちゃくちゃ","769"
"付き合う","769"
"いや","769"
"見方","769"
"走り","769"
"オーバー","769"
"石井","767"
"毎回","767"
"小川","767"
"青森","767"
"すむ","767"
"船","766"
"オイル","766"
"現象","766"
"本気","766"
"標準","765"
"陸上","765"
"定める","764"
"レポート","764"
"題する","764"
"倒れる","764"
"芸能界","763"
"身長","763"
"構想","763"
"上手","763"
"短縮","762"
"著者","762"
"パターン","762"
"証券","761"
"技","760"
"たつ","760"
"リズム","758"
"兼","758"
"順次","757"
"日向","757"
"駅伝","757"
"ラップ","757"
"ダイジェスト","756"
"口座","756"
"ロイター","755"
"凄い","755"
"ラブ","755"
"マーケティング","754"
"野村","754"
"アフロ","754"
"カウンター","753"
"当局","753"
"苦労","752"
"ローン","752"
"昨","752"
"アイス","752"
"築く","752"
"仕上げる","752"
"借りる","752"
"ハイブリッド","751"
"不満","751"
"美術館","750"
"自社","750"
"経過","750"
"深刻","750"
"妹","750"
"消毒","749"
"ルーム","749"
"現行","749"
"ロケ","749"
"オープニング","749"
"大賞","748"
"上旬","748"
"藤田","748"
"モンスター","747"
"阿部","746"
"ワイン","746"
"上演","746"
"イケメン","745"
"自主","745"
"剛","745"
"違和感","745"
"来季","745"
"回収","744"
"薄い","744"
"他人","743"
"機構","743"
"身近","743"
"運命","743"
"見直す","743"
"農業","743"
"乾燥","743"
"西村","742"
"大きさ","742"
"大野","742"
"チョコレート","741"
"風景","741"
"看板","741"
"防御率","741"
"保障","741"
"セーブ","740"
"神社","740"
"きる","740"
"方式","740"
"翌年","740"
"進行","740"
"ディズニー","739"
"あくまで","739"
"受け止める","739"
"輸出","739"
"辛い","738"
"番目","738"
"怒る","738"
"療養","738"
"適切","738"
"殺人","738"
"疲れる","737"
"ロゴ","736"
"ジャーナリスト","736"
"容量","736"
"今作","736"
"十","736"
"アプローチ","736"
"カウント","736"
"入学","736"
"ガンダム","735"
"絆","735"
"早期","734"
"熊本","734"
"切り替える","734"
"あえて","734"
"青山","733"
"過程","733"
"スマート","733"
"アリーナ","733"
"福田","733"
"毎月","732"
"本編","732"
"鋭い","732"
"在籍","732"
"あいさつ","731"
"つなげる","731"
"図","731"
"おそらく","731"
"得","731"
"ピッチ","730"
"デザイナー","730"
"いくら","730"
"一切","730"
"行方","730"
"とくに","729"
"怒り","729"
"被告","729"
"おかしい","729"
"ペット","729"
"ソース","728"
"スクリーン","728"
"セリフ","728"
"積む","728"
"有料","728"
"右サイド","728"
"ロボット","727"
"家事","727"
"アフリカ","727"
"ルーキー","727"
"爆発","726"
"先週","726"
"世間","726"
"右足","726"
"赤い","726"
"祝福","725"
"対面","724"
"恐怖","724"
"美人","724"
"窓","724"
"罪","723"
"ラン","723"
"中盤","723"
"ブレイク","723"
"項目","721"
"件数","721"
"軽減","721"
"記載","721"
"左足","719"
"漂う","719"
"瀬戸","719"
"パート","718"
"実態","718"
"パーツ","718"
"外交","718"
"倒す","718"
"小室","717"
"運行","717"
"さくら","717"
"論","717"
"主役","717"
"ポケット","717"
"土地","717"
"大人気","717"
"会談","717"
"相撲","716"
"像","716"
"事例","716"
"メダル","715"
"塩","714"
"グルメ","714"
"後藤","713"
"味わい","713"
"調理","713"
"順","712"
"決算","712"
"ムード","712"
"つらい","712"
"魔法","711"
"レコード","711"
"づくり","711"
"古い","711"
"競争","711"
"ありがたい","711"
"映画化","711"
"前線","710"
"優待","710"
"仮","710"
"オプション","710"
"現金","710"
"牛","709"
"リンク","709"
"痛い","709"
"本番","709"
"活かす","709"
"建英","708"
"ビル","708"
"新鮮","708"
"原発","708"
"集結","707"
"相性","707"
"区間","707"
"果たして","706"
"前作","705"
"卵","705"
"キャッチ","704"
"ガス","704"
"展","704"
"好み","704"
"張る","703"
"発熱","703"
"合同","703"
"越える","703"
"ランクイン","702"
"パンチ","702"
"いらっしゃる","702"
"質","702"
"キュート","702"
"ターボ","702"
"給付金","701"
"村上","701"
"中田","701"
"木下","701"
"映画祭","701"
"気付く","700"
"及び","700"
"輸入","700"
"ボーカル","700"
"負債","700"
"審査","700"
"ピックアップ","700"
"重なる","698"
"副","698"
"たまる","698"
"公共","697"
"人目","697"
"襲う","697"
"原則","697"
"インスタ","697"
"はっきり","697"
"音声","696"
"すすめる","696"
"優秀","696"
"いよいよ","696"
"クイズ","696"
"とおり","696"
"高知","695"
"変異","695"
"無限","695"
"六","695"
"順調","695"
"クリエイター","694"
"石原","694"
"大河","694"
"鹿児島","694"
"ヶ月","694"
"反映","693"
"分かれる","693"
"委員長","693"
"目線","693"
"ステーション","692"
"鳥栖","692"
"接続","692"
"源","692"
"職業","691"
"血","691"
"各社","691"
"是非","691"
"岡本","691"
"巻き込む","690"
"カジュアル","690"
"時半","689"
"税別","689"
"歌唱","689"
"調べ","689"
"ツール","688"
"概要","688"
"カ所","688"
"北村","688"
"びっくり","688"
"同月","688"
"和田","688"
"反省","687"
"ポジティブ","686"
"ボクシング","686"
"成分","686"
"案内","686"
"噂","685"
"騒動","685"
"工藤","685"
"とら","685"
"動向","685"
"博士","684"
"調達","684"
"マンチェスター","684"
"綺麗","684"
"衝突","683"
"真実","683"
"トラベル","683"
"魂","683"
"ワン","683"
"術","682"
"トレード","682"
"保健","682"
"姉妹","682"
"集","681"
"尋ねる","681"
"パリ","681"
"富士","681"
"売却","680"
"対談","680"
"パネル","680"
"負う","680"
"ワクワク","680"
"従う","679"
"忙しい","679"
"付属","678"
"上場","678"
"ブレーキ","678"
"伺う","677"
"承認","677"
"入場","677"
"上る","677"
"司会","677"
"ユナイテッド","677"
"仕上がる","676"
"育児","676"
"厩舎","676"
"睡眠","676"
"両者","675"
"奄美","675"
"執筆","675"
"廃止","675"
"白石","674"
"江戸","674"
"機械","674"
"花火","674"
"携わる","674"
"大輔","673"
"変動","673"
"田村","673"
"声明","673"
"柱","673"
"色々","672"
"や","672"
"武田","672"
"外れる","672"
"温かい","671"
"意向","671"
"小野","671"
"前提","671"
"書","671"
"龍","670"
"大坂","670"
"岐阜","670"
"牡","670"
"殺す","670"
"証拠","669"
"オススメ","669"
"正確","669"
"リバプール","668"
"箱","668"
"佐野","668"
"訴訟","667"
"就職","667"
"絶妙","667"
"ニーズ","667"
"支給","666"
"同年","666"
"心境","666"
"美女","666"
"犯罪","666"
"装置","666"
"寂しい","666"
"教師","666"
"文書","666"
"暴力","666"
"ダメージ","665"
"ロード","665"
"約分","665"
"燃料","664"
"基地","664"
"めっちゃ","664"
"視聴率","663"
"済み","663"
"商業","662"
"給与","662"
"演劇","662"
"攻める","662"
"スカート","662"
"引き出す","662"
"フェラーリ","662"
"見込む","661"
"マラソン","661"
"転職","661"
"異常","660"
"基礎","660"
"込む","660"
"無事","660"
"農家","660"
"落ち込む","660"
"平","659"
"役立つ","659"
"マガジン","659"
"看護師","659"
"訓練","659"
"ピーク","658"
"成田","658"
"働き方","658"
"通販","658"
"ジュニア","658"
"おじ","658"
"太田","657"
"エンターテインメント","657"
"南部","657"
"首都圏","657"
"縁","657"
"時短","657"
"手前","656"
"富山","656"
"銀座","656"
"丸山","656"
"はい","656"
"ユーロ","655"
"歴","655"
"許可","655"
"一環","655"
"内野手","655"
"ふう","655"
"セレブ","654"
"組合","654"
"申し上げる","654"
"次世代","654"
"飛び出す","653"
"恐れ","653"
"追い込む","653"
"寄り添う","652"
"収束","652"
"奮闘","652"
"懐かしい","651"
"フットボール","651"
"遺産","651"
"李","651"
"諦める","651"
"サプライズ","650"
"社会的","650"
"解散","650"
"各種","649"
"ハイ","649"
"浮かべる","649"
"一覧","648"
"青木","648"
"直撃","647"
"かねる","647"
"病床","647"
"弁当","646"
"退職","646"
"スタイリスト","645"
"歌声","645"
"橋","645"
"固定","645"
"静か","645"
"両方","645"
"ホイール","644"
"回す","644"
"創業","643"
"アップデート","643"
"一言","643"
"ポケモン","643"
"マイク","643"
"グレード","643"
"ポール","643"
"チェンジ","643"
"定着","642"
"移住","642"
"一瞬","641"
"異例","641"
"冊","640"
"一挙","640"
"マウンド","640"
"去る","640"
"規定","640"
"書類","640"
"リップ","640"
"動員","640"
"鮮やか","639"
"内部","639"
"未定","639"
"いまだ","638"
"比較的","638"
"ホールディングス","638"
"逃す","638"
"外野手","637"
"ユース","637"
"家電","637"
"知人","637"
"最新作","637"
"掛ける","637"
"準々","636"
"西川","636"
"人種","636"
"ミドル","636"
"収益","635"
"意欲","635"
"発足","634"
"労働者","634"
"め","634"
"移行","634"
"進学","634"
"幕","633"
"家計","633"
"奥","633"
"ドキュメンタリー","633"
"崩す","632"
"勝目","632"
"指","631"
"広瀬","631"
"財政","631"
"スープ","631"
"中野","630"
"官房","630"
"憧れる","630"
"監修","630"
"インテリア","630"
"人工","629"
"ランナー","628"
"面倒","628"
"ピアノ","628"
"来","628"
"詐欺","628"
"買収","628"
"争う","628"
"防衛","627"
"ち","627"
"編曲","627"
"箱根","627"
"済む","627"
"正解","627"
"義偉","626"
"拡散","626"
"ゾーン","626"
"シルエット","625"
"利回り","625"
"会える","625"
"茶","625"
"神経","624"
"台本","624"
"部品","624"
"ギャップ","624"
"床","624"
"隣","624"
"湘南","624"
"統計","624"
"提示","623"
"苦戦","623"
"嫌い","623"
"室内","622"
"フルーツ","622"
"実証","622"
"孫","622"
"輪","622"
"実践","622"
"私自身","622"
"巻く","622"
"パラリンピック","621"
"サポーター","621"
"要","621"
"ソニー","621"
"昨日","621"
"遠い","621"
"レジェンド","621"
"散歩","621"
"転換","621"
"仕掛ける","620"
"ベッド","619"
"中身","619"
"絡む","619"
"ストップ","619"
"四球","619"
"手法","619"
"駆動","618"
"迷う","618"
"章","617"
"委員","617"
"腰","616"
"昼","616"
"ゴールド","616"
"才","616"
"繊細","616"
"迷惑","615"
"下回る","615"
"新車","615"
"滞在","615"
"不良","615"
"マツダ","615"
"大震災","615"
"持ち込む","614"
"強制","614"
"もはや","614"
"誓う","614"
"端末","614"
"映画館","614"
"メッシ","614"
"テクノロジー","614"
"統一","613"
"扱い","613"
"報知","613"
"発症","612"
"仁","612"
"我慢","612"
"名作","612"
"慎重","612"
"生ずる","611"
"アルコール","611"
"全長","611"
"通勤","611"
"川口","611"
"大橋","611"
"節約","611"
"効率","611"
"講師","611"
"電池","610"
"労働省","610"
"リラックス","610"
"支出","610"
"紅白","610"
"青","610"
"フィット","610"
"もしくは","609"
"通報","609"
"わたし","609"
"イヤー","609"
"内定","608"
"慰安婦","608"
"賞金","608"
"追求","608"
"小型","608"
"上田","608"
"炎","608"
"健","607"
"アップル","607"
"長女","607"
"味方","607"
"態度","606"
"缶","606"
"クラシック","605"
"編成","605"
"書籍","605"
"はるか","605"
"完了","605"
"チャート","605"
"発覚","605"
"期生","604"
"植物","603"
"メーガン","603"
"市役所","603"
"カップル","603"
"文春","603"
"なさる","602"
"ショッピング","602"
"多彩","602"
"必死","602"
"ものすごい","602"
"夕方","602"
"駐車場","601"
"厳選","601"
"負け","600"
"ケガ","600"
"絞る","600"
"リバウンド","600"
"グランド","600"
"投資家","600"
"スクール","600"
"代わる","600"
"大学院","600"
"所有","600"
"受注","599"
"入手","599"
"削除","599"
"強力","599"
"卒業後","598"
"デイリー","598"
"点差","598"
"書店","598"
"並べる","598"
"中学校","598"
"上限","597"
"バーチャル","597"
"請求","597"
"王室","597"
"ピンチ","597"
"やっと","597"
"囲む","597"
"キッチン","597"
"生む","596"
"ドア","596"
"表記","596"
"魅了","596"
"母さん","595"
"センス","595"
"人事","595"
"後日","595"
"出荷","595"
"相場","595"
"申し訳","595"
"補強","595"
"ヒント","595"
"炭","594"
"前走","594"
"ルート","594"
"コンディション","594"
"お前","594"
"フェス","594"
"アーセナル","593"
"探る","593"
"フィールド","592"
"佐賀","592"
"メンタル","592"
"作戦","592"
"遂げる","592"
"チャンピオンズ","592"
"指す","592"
"勢","591"
"社会人","591"
"飛行","591"
"歩む","591"
"専門店","590"
"姉","590"
"形成","589"
"出かける","589"
"強まる","589"
"観戦","589"
"黒人","589"
"推す","588"
"野党","588"
"左腕","588"
"流","588"
"法的","588"
"店内","588"
"栄養","588"
"ドリンク","587"
"首脳","587"
"お仕事","587"
"馬場","587"
"デモ","587"
"大胆","587"
"スタイリング","587"
"半導体","587"
"ゆえ","586"
"インチ","585"
"リサーチ","585"
"認知症","585"
"極めて","585"
"月額","584"
"聖","584"
"一家","584"
"耐える","584"
"手応え","584"
"帰国","584"
"稼ぐ","584"
"班","584"
"疑惑","584"
"バブル","583"
"日目","583"
"ふた","583"
"柔らかい","583"
"支払い","583"
"価値観","582"
"形態","582"
"責任者","582"
"背番号","582"
"本格","582"
"川島","581"
"デバイス","581"
"なじみ","581"
"消す","581"
"マドリー","580"
"彼氏","580"
"プレーオフ","580"
"レジ","579"
"朝倉","579"
"改良","579"
"松岡","578"
"精神的","578"
"黒い","578"
"両立","578"
"平野","578"
"最適","578"
"オート","578"
"話し合う","578"
"派遣","578"
"ディスタンス","578"
"主","577"
"見逃す","577"
"テーブル","576"
"穴","576"
"欠場","576"
"ボーナス","576"
"光る","575"
"嘘","575"
"愛情","575"
"素","575"
"悲しい","575"
"通知","575"
"マカオ","575"
"福岡県","574"
"大塚","574"
"ユニクロ","574"
"混乱","574"
"本音","574"
"地下","574"
"高額","574"
"早稲田","573"
"ディスプレイ","573"
"キャサリン","573"
"プレーヤー","573"
"秋山","573"
"初勝利","573"
"錦織","573"
"対抗","572"
"お腹","572"
"安藤","572"
"なす","572"
"麺","572"
"オランダ","572"
"手紙","572"
"翼","572"
"待機","572"
"分間","571"
"カレンダー","571"
"映し出す","571"
"スイッチ","571"
"取締役","571"
"効果的","571"
"ウェブ","571"
"多様","571"
"はつ","571"
"呼吸","570"
"鳥","570"
"職人","570"
"やれる","570"
"政治家","570"
"敗","569"
"外食","569"
"権","569"
"ミラン","568"
"協定","568"
"観点","568"
"引き上げる","568"
"字","568"
"観光客","568"
"そろう","568"
"迫力","568"
"米軍","568"
"殺到","568"
"速","568"
"車種","567"
"空く","567"
"縮小","567"
"合格","567"
"限界","566"
"費","566"
"連発","566"
"際立つ","566"
"関係性","566"
"石","566"
"見解","566"
"天然","566"
"反発","566"
"一塁","565"
"気軽","565"
"四半期","565"
"日米","565"
"探偵","565"
"追いつく","565"
"コミック","565"
"冒険","564"
"見直し","564"
"断る","564"
"ヘンリー","564"
"映る","564"
"業種","564"
"パーティー","564"
"こ","564"
"パック","564"
"精度","563"
"人権","563"
"羽田","563"
"打球","562"
"筋","562"
"指導者","562"
"スニーカー","561"
"素直","561"
"火災","561"
"原田","560"
"タクシー","560"
"収穫","560"
"衛生","560"
"プレス","559"
"リレー","559"
"正","559"
"信長","559"
"有力","559"
"塗る","559"
"財産","559"
"足元","559"
"ブラウン","559"
"幸い","559"
"用品","559"
"後方","558"
"やさしい","558"
"有","558"
"月月","558"
"状","558"
"マドリード","558"
"免疫","558"
"フォーム","557"
"はじめる","557"
"ミルク","557"
"濃い","557"
"ドラゴン","557"
"亮","556"
"非難","556"
"角度","556"
"余儀","556"
"休む","556"
"軽自動車","556"
"変","556"
"リニューアル","556"
"センバツ","556"
"酒井","555"
"お願い","555"
"経営者","555"
"時間帯","555"
"続編","555"
"建築","555"
"恥ずかしい","555"
"告げる","555"
"漫画家","555"
"銀","555"
"国内外","555"
"天","554"
"次期","554"
"おもしろい","554"
"レザー","554"
"合流","554"
"飲食","554"
"ファイル","554"
"通る","554"
"イングランド","554"
"チェルシー","554"
"彩る","553"
"温度","553"
"覆う","553"
"盛り込む","553"
"ユニーク","553"
"搬送","552"
"来日","552"
"会食","552"
"殺害","552"
"あがる","552"
"渡部","552"
"キレイ","552"
"治郎","551"
"観察","551"
"制御","550"
"ターゲット","550"
"ダイヤモンド","550"
"沖縄県","550"
"おめでとう","550"
"もん","549"
"洗う","549"
"麻雀","549"
"満載","549"
"名誉","549"
"疑う","549"
"センサー","548"
"歌舞伎","548"
"大雨","548"
"スムーズ","548"
"キス","548"
"裁判所","548"
"一面","548"
"フェイス","548"
"水分","547"
"トルク","547"
"狭い","547"
"師","547"
"徳島","547"
"収集","546"
"連ねる","546"
"推薦","546"
"閉鎖","546"
"咲く","546"
"劇中","546"
"人組","546"
"ガラス","546"
"ヵ月","546"
"デニム","545"
"県立","545"
"理事","545"
"叫ぶ","545"
"指揮","545"
"始動","545"
"アルゼンチン","544"
"突入","544"
"遅れ","544"
"ランド","544"
"結婚式","544"
"遺体","543"
"アウトドア","543"
"視線","543"
"エントリー","543"
"マルチ","543"
"表面","543"
"発達","543"
"まつわる","543"
"診療","543"
"本物","543"
"ロール","543"
"ビジャレアル","543"
"最優秀","543"
"接する","543"
"受験","543"
"ロサンゼルス","542"
"生放送","542"
"排出","542"
"シニア","542"
"省","542"
"インフルエンザ","542"
"重賞","542"
"縦","542"
"大地","541"
"値段","541"
"のち","541"
"到達","541"
"最悪","541"
"促進","541"
"つながり","541"
"堂々","541"
"抜け出す","540"
"厚い","540"
"踏む","540"
"ドリブル","540"
"活性化","540"
"疲れ","540"
"さて","539"
"監視","539"
"北川","539"
"再会","538"
"年内","538"
"圧巻","538"
"車内","538"
"強豪","537"
"岩田","537"
"大半","537"
"堪能","537"
"える","537"
"地裁","537"
"飼育","537"
"ミュージシャン","537"
"今夏","537"
"味わえる","536"
"対処","536"
"継承","536"
"近所","536"
"地上","536"
"野手","535"
"ライヴ","535"
"要望","535"
"マイル","535"
"復興","535"
"中小","535"
"仕方","535"
"統合","534"
"正義","534"
"ハッピー","534"
"上野","534"
"指標","534"
"う","534"
"手作り","534"
"齋藤","533"
"免許","533"
"盗塁","533"
"シフト","532"
"医","532"
"着ける","532"
"挟む","532"
"セッション","531"
"鹿児島県","531"
"特急","531"
"交わす","531"
"拍手","531"
"のせる","531"
"放出","531"
"洋","531"
"河野","531"
"認証","531"
"名古屋市","531"
"日夜","531"
"畑","531"
"申告","530"
"金利","530"
"ハート","530"
"スイング","530"
"名称","530"
"ふさわしい","530"
"外国","530"
"エンディング","529"
"幼い","529"
"小倉","529"
"シンガー","528"
"昨今","528"
"見据える","528"
"病","528"
"発売日","528"
"市内","528"
"っ","527"
"マネージャー","527"
"願い","527"
"オレンジ","527"
"健太郎","527"
"前出","527"
"続出","527"
"姫","526"
"発令","526"
"戦力","526"
"日中","526"
"愛用","526"
"故障","525"
"劇団","525"
"直面","525"
"クリニック","525"
"作り上げる","525"
"後年","525"
"金子","524"
"降板","524"
"プレート","524"
"有村","524"
"役員","524"
"物質","524"
"結論","524"
"合戦","524"
"美術","524"
"景気","524"
"化学","523"
"斉藤","523"
"オンエア","523"
"山梨","523"
"彩","523"
"食感","523"
"北部","523"
"視野","522"
"放送中","522"
"格好","522"
"貯蓄","522"
"読売","522"
"圏","522"
"やり方","521"
"密着","521"
"履く","520"
"里","520"
"一層","520"
"固める","520"
"仕上がり","520"
"緊張感","520"
"和歌山県","519"
"注ぐ","519"
"人類","519"
"合宿","518"
"目撃","518"
"列","518"
"青年","517"
"低迷","517"
"入社","517"
"休校","517"
"瞳","517"
"変身","517"
"久々","517"
"アパレル","516"
"受け継ぐ","516"
"同居","516"
"博物館","516"
"該当","516"
"レコーディング","516"
"やりとり","516"
"融合","515"
"領域","515"
"意図","515"
"鉄","515"
"ほど","515"
"公務員","515"
"浜辺","515"
"刻む","515"
"ひどい","514"
"前期","514"
"潤","514"
"次回","514"
"頼む","514"
"圧倒","513"
"説","513"
"日経","513"
"爽やか","513"
"菅田","513"
"兵庫","513"
"ジム","512"
"中間","512"
"松村","512"
"出発","512"
"緑","512"
"モチベーション","512"
"櫻井","511"
"岡山県","511"
"塾","511"
"孤独","511"
"賠償","511"
"岐阜県","511"
"元々","511"
"評判","511"
"奇跡","511"
"スロー","511"
"論文","510"
"同級生","510"
"辻","510"
"金沢","510"
"認知","510"
"抑制","510"
"所得","510"
"豪雨","510"
"敗戦","510"
"掴む","509"
"穏やか","509"
"受け付ける","509"
"ガール","509"
"コラム","509"
"移す","509"
"連休","509"
"流通","509"
"パーセント","509"
"予告編","509"
"連邦","509"
"心がける","509"
"浮かぶ","508"
"近畿","508"
"保護者","508"
"直線","507"
"社内","507"
"パパ","507"
"勝手","507"
"模索","507"
"自慢","507"
"まとめ","507"
"淳","507"
"工","507"
"推定","506"
"解釈","506"
"フェア","506"
"飯田","506"
"数値","506"
"市川","506"
"発表会","506"
"白星","505"
"店頭","505"
"商","505"
"ファンタジー","505"
"プロセス","505"
"割引","505"
"募る","504"
"貯金","504"
"ボリューム","504"
"選考","504"
"横浜市","504"
"告知","504"
"一歩","504"
"稼働","504"
"買える","504"
"通称","504"
"見かける","504"
"あっ","503"
"マスター","503"
"直球","503"
"証言","503"
"執行","503"
"ますます","503"
"抜粋","502"
"板","502"
"鍵","502"
"野田","502"
"防災","502"
"ドラえもん","502"
"強み","502"
"出店","502"
"月間","502"
"埋める","501"
"報告書","501"
"無駄","501"
"アルバイト","501"
"生物","501"
"待望","501"
"特設","501"
"侵入","501"
"最大限","500"
"混ぜる","500"
"飛び込む","500"
"高齢","500"
"飼う","500"
"同名","500"
"四国","500"
"がんばる","500"
"並み","499"
"コイン","499"
"使い方","499"
"バイエルン","499"
"入国","499"
"朝鮮","499"
"発する","499"
"無職","499"
"住所","499"
"愛犬","499"
"推奨","499"
"入力","499"
"景色","499"
"レモン","498"
"両国","498"
"湯","498"
"指数","498"
"示唆","498"
"収まる","498"
"運航","498"
"手軽","498"
"無視","498"
"不可能","498"
"影","497"
"高等","497"
"鍛える","497"
"深める","496"
"実写","495"
"結果的","495"
"支配","495"
"葛藤","495"
"後悔","495"
"警察官","495"
"渋野","495"
"シングルス","494"
"屈指","494"
"一員","494"
"持続","494"
"在","494"
"強いる","494"
"下落","494"
"鼻","494"
"ブレーク","493"
"異","493"
"グラウンド","493"
"サーキット","493"
"窓口","493"
"必須","492"
"横山","492"
"初め","492"
"団","492"
"菊池","491"
"警告","491"
"名門","491"
"最年少","491"
"早め","491"
"内側","491"
"イオン","491"
"競馬場","491"
"相続","491"
"飛ばす","491"
"祭","490"
"整う","490"
"北陸","490"
"開演","490"
"配信中","490"
"ミックス","490"
"犯人","490"
"頼る","490"
"稽古","490"
"ウェブサイト","490"
"甲子","489"
"テイクアウト","489"
"モーニング","489"
"歯","489"
"事務局","489"
"西野","489"
"静岡市","489"
"関","488"
"登壇","488"
"あらためて","488"
"議会","488"
"先制点","488"
"平日","487"
"エリザベス","487"
"日大","487"
"ランチ","487"
"男の子","487"
"裕一","487"
"正面","487"
"院","487"
"歴史的","486"
"天皇","486"
"テクニック","486"
"体力","486"
"洗濯","485"
"夫人","485"
"志村","485"
"ふ","485"
"コツ","485"
"家賃","485"
"セカンド","485"
"爆笑","485"
"セブン","484"
"豊","484"
"単位","484"
"署名","484"
"リッター","484"
"呪術","484"
"単純","484"
"ワイド","484"
"ヒート","484"
"栗東","484"
"急速","484"
"器","484"
"形状","483"
"お菓子","483"
"浸透","483"
"快勝","483"
"税込み","483"
"ストリーミング","483"
"木曜","483"
"内訳","482"
"ごはん","482"
"残留","482"
"j","482"
"いちばん","481"
"高値","481"
"経済的","481"
"晴れる","481"
"民","481"
"燃費","481"
"女子高生","481"
"崩れる","480"
"闇","480"
"ヤリス","480"
"半数","480"
"翔平","479"
"及ぼす","479"
"上品","479"
"森田","479"
"翻訳","479"
"ムーン","479"
"報酬","479"
"マット","479"
"御","479"
"輝き","478"
"割る","478"
"ガールズ","478"
"増田","478"
"眺める","478"
"親しむ","477"
"吉川","477"
"候補者","477"
"確率","477"
"構える","477"
"任せる","477"
"性的","476"
"点目","476"
"選べる","476"
"店員","476"
"海洋","476"
"税抜","476"
"タワー","476"
"休日","476"
"上下","476"
"リスナー","476"
"勝手に","475"
"どっち","475"
"バット","475"
"個別","475"
"駆使","475"
"音源","475"
"大さじ","475"
"なるべく","475"
"ボランティア","474"
"菓子","474"
"触る","474"
"返済","474"
"カ国","473"
"ダーク","473"
"動作","473"
"斗","473"
"群","473"
"研究者","473"
"マーケット","473"
"ハリウッド","472"
"棋士","472"
"地図","472"
"作者","472"
"頻繁","472"
"オシャレ","472"
"協議会","472"
"春馬","471"
"暗い","471"
"純","471"
"たった","471"
"交える","471"
"給付","471"
"オフショット","470"
"定期的","470"
"今夜","470"
"寅","470"
"ハーフ","470"
"気味","469"
"いったい","469"
"桁","469"
"同意","469"
"二塁","468"
"公開中","468"
"疾患","468"
"全文","468"
"親友","468"
"対立","468"
"働き","468"
"年始","468"
"大宮","468"
"打ち出す","468"
"恵まれる","468"
"時事","467"
"椅子","467"
"教員","467"
"婚活","467"
"最終日","467"
"対局","467"
"けが","467"
"出典","467"
"重量","467"
"常識","466"
"ティー","466"
"葉","466"
"シューズ","466"
"若し","466"
"いざ","466"
"アーカイブ","466"
"締結","466"
"招集","465"
"矢野","465"
"出現","465"
"宣伝","465"
"ツッコミ","465"
"福山","465"
"警視","465"
"収容","465"
"着こなし","465"
"後押し","465"
"確立","464"
"キング","464"
"時時","464"
"ガイド","464"
"北京","464"
"ガイドライン","464"
"小泉","464"
"行事","464"
"当面","464"
"副業","464"
"ディーゼル","464"
"民主","464"
"知れる","464"
"全曲","463"
"有利","463"
"根拠","463"
"吸収","463"
"直す","463"
"押し込む","462"
"医学","462"
"文章","462"
"支持率","462"
"戦闘","462"
"国産","462"
"エンタメ","461"
"図表","461"
"性別","461"
"インテル","461"
"フォロー","461"
"ウォン","461"
"食べ物","460"
"宮本","460"
"メガネ","460"
"定期","460"
"学術","460"
"解雇","460"
"故郷","460"
"叩く","460"
"小松","459"
"明け","459"
"ダルビッシュ","459"
"破壊","459"
"レンジ","459"
"出走","459"
"稲垣","459"
"レビュー","459"
"軒","459"
"虐待","459"
"ジョージ","458"
"イニング","458"
"美波","458"
"新設","458"
"原題","458"
"年上","458"
"早々","458"
"恒例","458"
"月曜","458"
"帰宅","457"
"奪","457"
"県外","457"
"悪魔","457"
"戦後","457"
"側面","457"
"代替","457"
"叶う","457"
"盗む","457"
"福島県","457"
"格闘技","457"
"コーディネート","456"
"閉じる","456"
"全面","456"
"比率","456"
"光景","456"
"レイカーズ","456"
"一見","456"
"ごみ","456"
"とっても","456"
"アクセント","456"
"借金","456"
"父さん","455"
"要する","455"
"マイナー","455"
"打てる","455"
"栽培","455"
"乗車","455"
"栃木","455"
"風呂","455"
"ターン","455"
"帝京","454"
"東大","454"
"麒麟","454"
"派手","454"
"著名","454"
"鶏","454"
"本書","454"
"小島","454"
"レッズ","453"
"とらえる","453"
"本拠地","453"
"具合","453"
"イン","453"
"火曜","453"
"日付","453"
"叶える","453"
"面積","453"
"ワシントン","452"
"名曲","452"
"モニター","452"
"安全性","452"
"脅威","451"
"別れる","451"
"世論","451"
"素顔","451"
"劇的","451"
"遭う","451"
"試乗","451"
"スカウト","451"
"テンション","450"
"石橋","450"
"カーブ","450"
"退院","450"
"目安","450"
"荷物","450"
"始まり","450"
"打数","450"
"セクシー","450"
"廻","450"
"子会社","450"
"高田","450"
"実戦","450"
"降りる","450"
"間違う","450"
"本店","449"
"ナイン","449"
"強める","449"
"カテゴリー","449"
"展望","449"
"永遠","449"
"移転","449"
"から","448"
"貫く","448"
"体感","448"
"ポルトガル","448"
"角","448"
"かっこいい","448"
"ハードル","448"
"追いかける","447"
"帰省","447"
"朝ドラ","447"
"古巣","447"
"過ぎ","447"
"友","447"
"作り方","447"
"キー","447"
"ウェザー","447"
"まくる","447"
"吉本","447"
"老人","447"
"黒木","446"
"オーダー","446"
"明","446"
"ドキドキ","446"
"二塁打","446"
"誇り","446"
"輸送","446"
"風味","446"
"院長","446"
"発想","446"
"山形","446"
"スポンサー","446"
"補償","446"
"港","446"
"一回","446"
"シェフ","446"
"個性的","446"
"運","445"
"南海","445"
"質感","445"
"還元","445"
"怪我","445"
"大いに","445"
"雲","445"
"祝","445"
"われわれ","445"
"尊敬","444"
"レーシング","444"
"魔女","444"
"ロイヤル","444"
"じっくり","444"
"試み","444"
"外部","444"
"筆頭","444"
"大久保","443"
"情熱","443"
"在庫","443"
"県庁","443"
"児","443"
"老舗","443"
"新田","443"
"三塁","443"
"眠る","443"
"有吉","443"
"中傷","442"
"貿易","442"
"沿う","442"
"正体","442"
"キーワード","441"
"油","441"
"詰める","441"
"酸素","441"
"コミュニティ","441"
"マップ","441"
"ミリ","441"
"スペック","441"
"マネジメント","441"
"半島","441"
"博多","441"
"連日","440"
"連載中","440"
"聖火","440"
"タンク","440"
"岡崎","440"
"暴行","440"
"すっかり","440"
"ぼく","440"
"フィニッシュ","439"
"大山","439"
"発売中","439"
"ステイ","439"
"通話","439"
"ハッシュタグ","439"
"c","439"
"提携","439"
"レンズ","438"
"チームメイト","438"
"バター","438"
"節目","438"
"折り返す","438"
"カナダ","438"
"プラスチック","438"
"居酒屋","438"
"サンド","438"
"乗り","437"
"辞任","437"
"防疫","437"
"バスケット","437"
"汚れ","437"
"公","437"
"自衛隊","436"
"閉店","436"
"焼き","436"
"かく","436"
"名物","436"
"当選","436"
"ポンド","436"
"やり取り","436"
"フロア","435"
"招待","435"
"骨","435"
"中部","435"
"タオル","435"
"併せる","435"
"バスケットボール","434"
"前編","434"
"贅沢","434"
"躍動","434"
"セレクト","434"
"日韓","434"
"コンテスト","434"
"抵抗","433"
"洋服","433"
"ギフト","433"
"健太","433"
"急ぐ","433"
"燃える","433"
"創設","433"
"機種","433"
"牽引","433"
"一致","433"
"与党","433"
"欧米","433"
"まわり","433"
"不振","433"
"事務","432"
"中央区","432"
"選び","432"
"聯合","432"
"ベルギー","432"
"遺族","432"
"連結","432"
"破産","432"
"数量","432"
"当事者","432"
"一斉","432"
"衆院","432"
"メキシコ","432"
"保持","432"
"騎乗","432"
"隠れる","432"
"宮城","432"
"多少","431"
"満","431"
"鑑賞","431"
"底","431"
"地上波","431"
"豊田","431"
"欅","431"
"首都","430"
"役柄","430"
"敗退","430"
"配る","430"
"磨く","430"
"ローマ","429"
"ライフスタイル","429"
"集合","429"
"軍事","429"
"努める","429"
"機動","429"
"愛媛","429"
"あんな","428"
"恐れる","428"
"マン","428"
"乗用車","428"
"再建","428"
"全国的","428"
"なくす","428"
"ジョー","428"
"吹く","428"
"施策","428"
"気候","428"
"青い","427"
"和","427"
"参照","427"
"臨床","427"
"池袋","427"
"カラオケ","427"
"冷たい","427"
"高木","426"
"階段","426"
"イエロー","426"
"勧める","426"
"成し遂げる","426"
"武道館","426"
"初心者","426"
"表彰","425"
"シンガポール","425"
"テレビ局","425"
"総務省","425"
"満了","425"
"不調","425"
"クオリティ","425"
"弱","425"
"ちなむ","424"
"美少女","424"
"かっこ","424"
"華麗","424"
"演説","424"
"悠","424"
"配送","424"
"希","424"
"祈る","424"
"切ない","424"
"古川","424"
"仲良く","424"
"読める","424"
"奈良","424"
"ラインアップ","423"
"けっこう","423"
"ホット","423"
"水曜","423"
"トレーナー","423"
"軽症","423"
"北米","423"
"拾う","423"
"クリーン","423"
"反撃","422"
"漢字","422"
"家具","422"
"シルバー","422"
"岡村","422"
"餃子","421"
"レスポンス","421"
"つい","421"
"小規模","421"
"小物","421"
"配合","421"
"土砂","421"
"ゆく","421"
"圧力","420"
"スカイ","420"
"道具","420"
"参入","420"
"持てる","419"
"ガード","419"
"立ち上がる","419"
"解放","419"
"角田","419"
"不安定","419"
"やつ","419"
"のぞく","418"
"セリエ","418"
"放置","418"
"祝う","418"
"一連","418"
"リゾート","418"
"拓実","418"
"消化","417"
"ビジョン","417"
"ベージュ","417"
"かた","417"
"年俸","417"
"理事長","417"
"半ば","417"
"車体","417"
"クレジット","417"
"丁目","417"
"篇","417"
"危機感","417"
"勝率","416"
"全話","416"
"重症","416"
"始め","416"
"クーポン","416"
"各人","416"
"浜田","416"
"惹く","415"
"資源","415"
"走者","415"
"日記","415"
"群馬","415"
"過剰","415"
"偶然","415"
"品質","415"
"路面","415"
"下部","415"
"ワンマン","415"
"通貨","414"
"無症状","414"
"見舞う","414"
"スッキリ","414"
"ザテレビジョン","414"
"フレッシュ","414"
"死去","414"
"ストリート","414"
"アタック","414"
"純粋","414"
"炎上","414"
"徹","413"
"鍋","413"
"訳","413"
"大勢","413"
"特番","413"
"極","413"
"ごく","412"
"たまに","412"
"飛","411"
"和也","411"
"スケート","411"
"プリント","411"
"コメント欄","411"
"満ちる","411"
"挙がる","411"
"座席","411"
"ミッション","410"
"海上","410"
"ダービー","410"
"老後","410"
"心臓","410"
"入所","410"
"つれる","410"
"茨城","410"
"百","409"
"癒す","409"
"ジェンダー","409"
"不在","409"
"損害","409"
"タンパク質","409"
"梅","409"
"クォーター","409"
"永瀬","409"
"動物園","409"
"たしか","408"
"賛成","408"
"締めくくる","408"
"連戦","408"
"ノミネート","408"
"ホラー","408"
"ワード","408"
"ピース","408"
"カープ","408"
"レッスン","408"
"立ち向かう","408"
"発電","407"
"バカ","407"
"諸島","407"
"階級","407"
"検察","407"
"グラフ","407"
"気圧","407"
"骨折","407"
"キット","407"
"武藤","406"
"接近","406"
"お世話","406"
"長野県","406"
